На четвърто място, Комисията по вътрешна сигурност и обществен ред да разследва трафика на хора между България и Италия, да изслуша бившия министър на вътрешните работи Георги Петканов и настоящия Румен Петков, както и бившия главен секретар на Министерството на вътрешните работи Бойко Борисов за трафика на хора между България и Италия.",Веселин Методиев,parl-member
Господин Лъчезар Иванов, аз приветствам решението на господин Бойко Борисов за „Младост”, само че питам защо само „Младост”, и защо само няколко месеца?
Този мораториум трябва да бъде поне за 10 години.
Колко пъти съм ви давал за пример от тази трибуна – в Лондон има 100-годишен мораториум.
Там няма тези престъпления, които се вършат в момента срещу българските граждани.
Въз основа на срещата и разговори между президента на Украйна Володимир Зеленски и министър-председателя на Република България Кирил Петков, състояли се в Киев на 28 април т. г., като посланик на Украйна Ви моля за предоставяне на следната помощ за Украйна:
Няколко думи за тази откровена глупост, която, между другото, се лансира в последната една седмица, а именно за ремонт на украинска техника на българска територия.
Който е предложил това нещо, между другото, на Зеленски, явно го е лъгал в очите.
От всички елементи на българския държавен военнопромишлен комплекс да започнем от флотския арсенал.
Той може да прави определени дейности за ремонт на кораби, само че украинските кораби не могат да дойдат до България, тъй като Черно море е блокирано от руснаците.
Нито една партия не е била подвластна на ДПС.
ДПС винаги е било лоялен коалиционен партньор в правителството заедно с НДСВ, което изкара целия си мандат.
В тройната коалиция заедно с НДСВ и БСП, което правителство изкара целия си мандат! И ДПС направи така, че България да приключи своя евроатлантически проект, да стане пълноправен член на НАТО и на Европейския съюз.
(Шум и реплики от ГЕРБ.)
Аз не знам дали НДСВ и БСП могат да се съгласят с Вас, че някога те са били подвластни на ДПС.
Напротив, ние заедно тогава ковяхме европейското настояще и бъдеще на България, а Вие – Вие, Вашата основна грешка, на ГЕРБ, е че Вие станахте подвластни за първи път на антисистемни политически сили, които съставляват Патриотичния фронт.
Така че, уважаеми колеги американофоби, които сте се излюпили не знам по какви причини, отворете си очите, защото ако не е тази Америка да ви даде малко свобода, щяхте да си ходите на партийните събрания, да ругаете Тодор Живков и нищо повече.
С Указ 13-13/1986 г., подписан от Тодор Живков като председател на Държавния съвет, са наградени за особени заслуги в състоянието на възродителния процес определени категории лица от системата на Министерство на вътрешните работи.
Делян Славчев Пеевски - отсъства
Делян Славчев Пеевски - отсъства
Тук ключът се крие обаче в едно друго национално предателство, което беше подготвено през годините и извършено от два кабинета поред – това е закриването на АЕЦ “Козлодуй”, което предстои да стане окончателно съвсем скоро.
Това предателство беше започнато от кабинета Костов и завършено успешно за чужди интереси, но не и за България, при кабинета Доган – Симеон.
Използвам случая, господин министър, да изразя съмнение, че ще успеете да направите това, изхождайки от факта, че вчера Вие сте назначили за шеф на Борда на директорите на летище София Юджел Атила и, господин министър, ако това е вярно, не се ли включва обръчът от фирми на Ахмед Доган и в изграждането на голямата инфраструктура на България?
Благодаря."
Уважаема госпожо Председател, уважаеми господин Министър, уважаеми колеги! Народните представители от парламентарната група на „Изправи се БГ! Ние идваме!“ по същество подкрепяме така предложения Законопроект за актуализация на бюджета на Здравната каса за 2021 г.
Факти, господин Биков, че аз или който и да е от парламентарната група на „Изправи се БГ! Ние идваме!“ или от другите протестни партии сме горили маски – няма.
Няма такива факти! Няма такива снимки, които да удостоверяват такива факти! Но снимки как здравният министър, заедно с шефовете на най големите болници, се вози в джипката и инспектира магистрали, вместо да се грижи за болните в третата ковид вълна, има – снимки как седите смирено и позорно отзад в джипката, заедно с шефа на „Пирогов“ и Ви показват магистрали! Магистрали, които се оказва, че са построени с договори, които са в незаконни процедури.
Това са фактите!
Уважаема госпожо Председател, уважаеми господин Министър, уважаеми колеги народни представители! От парламентарната група на „Изправи се БГ! Ние идваме!“ изразяваме надежда, че поне по отношение на подкрепата към най-уязвимите – българските пенсионери, в тази зала може да бъде постигнато съгласие и дебатът ще бъде насочен именно в тази посока – в крайна сметка да подкрепим предложената актуализация от служебния кабинет и да спрем унизителния геноцид, на който са подложени нашите родители, възрастните хора на България.
Затова според нас от „Изправи се БГ! Ние идваме!“ не просто е справедливо, а е задължително да бъдат компенсирани доходите на възрастните хора и е задължително това да се случи през преизчисляване на пенсиите, ако предложеният подход от служебния кабинет може да бъде наречен точно „преизчисляване“, но във всички случаи става дума за едно, в сравнение с досегашните, чувствително увеличение на пенсиите.
Ние от „Изправи се БГ! Ние идваме!“ ще направим предложения.
Надявам се, че такива предложения ще бъдат направени и от другите парламентарни групи и наистина сме готови да водим разговори за това най-уязвимите да получат подкрепа в ситуация на три кризи, на инфлация, на тежка есен и на тежка зима.
Споменах, от тези 100 милиона кои пътища в Северозападна България, аз мога да ги уточня: област Видин, път III-114; Лом – „Сталийски махала“, Дондуково, Дреновец, Ружинци, Чупрене – 8 млн. лв. – 21 км дължина на пътя; споменах за „Връшка чука“ – това е с бюджет на Агенция „Пътна инфраструктура“.
За пътищата по „Региони в растеж“ – в област Монтана, имаме път III-102 – 38 км, три общини обслужва – Монтана, Георги Дамяново и Чипровци, над 8 млн. лв.
Област Враца споменах: Хайредин, Крива бара, Бутан, Гложене, през Хърлец към Оряхово.
Целият е 30 км, тази година 24, почти 14 млн. лв.
Виждаме какви суми, а като процент може да ги сметнем, са почти една трета от ресурса на Постановлението в Северозападна България.
С увеличаването на финансовия ресурс, споменах по какъв начин, още по-голям ресурс в Северозападна България не само за основното направление – скоростният път Ботевград – Мездра – Враца – Монтана – Видин, а и за пътища втори и трети клас.
Писмен отговор от министър Божидар Божанов на въпрос от народния представител Христо Гаджев.
На заседанието присъстваха представители на Министерството на вътрешните работи: Румяна Бъчварова – заместник министър-председател по коалиционна политика и държавна администрация и министър на вътрешните работи; Георги Димитров – експерт-юрист и IT специалист, участващ в разработването на Законопроекта, и Божидар Божанов – съветник, и от Министерството на транспорта, информационните технологии и съобщенията: Валери Борисов – заместник-министър, и Женета Рогова – началник-отдел в Дирекция „Правна“.
министър Божидар Божанов – на четири въпроса от народния представител Благовест Кирилов; на въпрос от народния представител Ивайло Мирчев; на два въпроса от народния представител Николина Ангелкова; на въпрос от народния представител Христо Гаджев
Божидар Божанов, министър на електронното управление, ще отговори на: въпрос от народния представител Благовест Кирилов относно прекратяване на „открита“ процедура по Закона за обществените поръчки с предмет: „Изграждане, развитие и гаранционна поддръжка на елементи от националната система за киберсигурност“; на въпрос от народния представител Никола Димитров относно разположение на сървърите на Министерския съвет и на всяко едно от министерствата на България.
Министърът на електронното управление Божидар Божанов ще отговори на два въпроса от народните представители Благовест Кирилов; Никола Димитров.
Има постъпило искане от народния представител Елисавета Белобрадова да се проведе изслушване на председателя на НЗОК, подлежащ на парламентарен контрол от Народното събрание, относно прехвърлянето на помощни средства, приспособления, съоръжения и медицински изделия от Министерството на труда и социалната политика към Националната здравноосигурителна каса.
Кажете, госпожо Белобрадова.
(Уточнения между народния представител Елисавета Белобрадова и председателя Никола Минчев.) Оттегляте го.
От името на „Демократична България“ предлагаме за член Петър Маринов."
От името на „Демократична България“ предлагам за заместващ член Ивайло Мирчев."
Уважаеми господин Председател, колеги! От името на „Демократична България“ предлагаме за член Владислав Панев.
Господин председател, уважаеми господин министър! Приемаме два законопроекта, които решават бъдещето на българското образование.
И както казваме ние от ВМРО, пък и нашите колеги от БНС, образованието в България не може да бъде нито ляво, нито дясно, то може да бъде само национално.
Именно изхождайки от това, че образованието е национално и то решава общонационалния проблем, бих искал да се спра първо на  законопроекта, предложен от моите уважавани колеги от Коалиция за България основно – за статута на училищата по изкуства и култура.
Това, че Рамковата конвенция за малцинствата даде основа за днешните искания за сепаратизъм, е очевидно и ясно.
Още тогава български националисти повдигнаха въпроса.
И когато тук, в тази зала се гласува рамковата конвенция, единствено представителите на МВРО бяха против, ако не се лъжа депутатите от ВМРО бяха двама, и господин Дянко Марков, който излезе и защити българския национализъм тук, от тази трибуна.
Но тогава, уважаеми народни представители, тогавашният министър-председател Иван Костов каза от това място: “Днес погребваме българския национализъм”.
Това нещо е в стенограмите на Народното събрание и може да се прочете.
Тези негови думи бяха във връзка с приемането на рамковата конвенция, която положи основата на сепаратизма в България, тъй като нашата Конституция дава предостатъчно права на всички индивиди, независимо от техния произход, нямаше абсолютно никаква нужда да се приема специална конвенция, която да дава привилегии на отделни групи.
„Приложено изпращаме Ви Решение № 413 от 10 юни 2009 г.
на Централната избирателна комисия за обявяване за избран за народен представител Йордан Петров Борисов от листата на коалиция Съюз на свободните демократи, БЗНС - Народен съюз, ВМРО - Българско национално движение - Коалиция „Български народен съюз” в избирателен район Русе, № 19”.
На 10 юни 2009 г.
на основание чл. 72, ал. 1, т. 1 и ал. 2 от Конституцията на Република България предсрочно са прекратени пълномощията на народния представител Борислав Иванов Българинов, избран от 19.
Многомандатен избирателен район – Русе, от листата на коалиция Съюз на свободните демократи, БЗНС - Народен съюз, ВМРО - Българско национално движение - Коалиция „Български народен съюз” в Четиридесетото Народно събрание.
Обявява за избран за народен представител в 19.
Многомандатен избирателен район – Русе, Йордан Петров Борисов от листата на коалиция Съюз на свободните демократи, БЗНС - Народен съюз, ВМРО - Българско национално движение - Коалиция „Български народен съюз”.”
61042a807ba645282cb84e22,60d4cc59c4ced20a9c9e013e,"По чл. 61 има предложение на народните представители Борислав Българинов, Стефан Софиянски и Красимир Каракачанов.
То по-скоро е становище и затова няма да го чета.
По чл. 60 &quot;Предварително изпълнение&quot;  има предложение на  народните представители  Борислав Българинов,  Стефан Софиянски и Красимир Каракачанов.
Няма да подлагам на гласуване предложението на народните представители Борислав Българинов, Стефан Софиянски и Красимир Каракачанов, тъй като това на практика не е правна норма, не е предложение за текст, а е пояснение, становище.
И най-накрая, последно изречение, господин Председател, ще дръпна завесата – това не е предложение на Патриотичния фронт, а е предложение на българския банков капитал, който трябва да оцелее.
(Ръкопляскания от Патриотичния фронт.)
Следващата кандидатура е на Григорий Цветанов Вазов.
Тя е направена от Парламентарната група на Патриотичния фронт и ще бъде представена от нейния съпредседател господин Валери Симеонов.",Председател Димитър Главчев,house-speaker
С други думи, уважаеми дами и господа народни представители, не всичко, което се решава в тази зала, се реализира.
Някой път законовите текстове остават в сферата на доброто пожелание, тъй като с подзаконови нормативни уредби могат да бъдат подменени.
В тази посока трябва да действаме заедно с изпълнителната власт, с Министерството, с енергийните дружества и управляващи, и опозиция, защото, както казах, тоягата е дебела и кучето няма къде да ходи, освен да скача.
Патриотичният фронт – НФСБ и ВМРО, подкрепи създаването на правителство срещу ясно поетите ангажименти за създаване на управленска програма, в която не само да бъдат набелязани различните проблеми на България, но и да започнат действията за тяхното решаване.
Патриотичният фронт очаква още тази седмица Програмата за управление да бъде представена и да започнат реални стъпки по нейното изпълнение.
Това са основните приоритети на Патриотичния фронт – НФСБ и ВМРО, през следващите няколко месеца в настоящата сесия.
От ангажирането на правителството с тях зависи и нашата парламентарна подкрепа за него.
От Патриотичния фронт пак ще Ви спомена – излезте с реплика и ми отговорете, ако прецените.
Вашият представител в Правната комисия – Христиан Митев се казва, отхвърля предложеният законопроект от „Атака” да не се състоят гей паради по улиците на България.
Сега ще прочета какви са му аргументите: „Това е прекалена мярка, защото гей парадите не представляват обществена опасност”, каза представителят на НФСБ Христиан Митев на Правна комисия на 23 януари 2015 г.
Да, така е, този кодекс е стъпка към либерализиране на семейните отношения, но хайде, кажете ми, кой от вас научи за тайнството на брака?
Посветете ме Вие, господин Шопов, и господин Сидеров, който току-що изтича от залата.
(Депутати от “Атака” напускат пленарната зала.)
По силата на правилника по същата материя са внесени и ще бъдат предмет на обсъждане следните законопроекти за изменение и допълнение на Закона за допитване до народа с вносители Минчо Христов и Стела Банкова на 8 септември 2006 г.; Елеонора Николова, Димитър Абаджиев и Мария Капон на 7 март 2007 г.; Волен Сидеров - на 4 декември 2007 г.; Любен Дилов и група народни представители – 11 март 2008 г.
На редовно заседание, проведено на 20 март 2008 г., Комисията по правни въпроси обсъди Законопроект за изменение и допълнение на Закона за допитване до народа, внесен от Минчо Христов и Стела Банкова; Законопроект за изменение и допълнение на Закона за допитване до народа, внесен от Елеонора Николова, Димитър Абаджиев и Мария Капон; Законопроект за изменение и допълнение на Закона за допитване до народа, внесен от господин Волен Сидеров; Законопроект за изменение и допълнение на Закона за допитване до народа, внесен от господин Любен Дилов и група народни представители; и Законопроект за пряко участие на гражданите в управлението, внесен от Янаки Стоилов и група народни представители.
Министърът на културата Вежди Рашидов ще отговори на три въпроса от народните представители Милена Христова, Станислав Станилов и Антон Кутев.
- народния представител Слави Бинев към Вежди Рашидов – министър на културата, относно политика по опазване на паметници на културата с национално значение.
Следва да се отговори в пленарното заседание на 17 юли 2015 г.;
- министъра на културата Вежди Рашидов на въпрос от народния представител Кристиан Вигенин;
Предложение на народния представител Деница Сачева и група народни представители.
Предлагаме госпожа Деница Сачева и господин Румен Христов.
- заместник министър-председател и министър Гроздан Караджов на въпрос от народния представител Владимир Маринов, на четири въпроса от народния представител Деница Сачева, на четири въпроса от народния представител Ивайло Мирчев, на въпрос от народния представител Мартин Димитров и два въпроса от народния представител Росица Кирова;
- заместник министър-председателя и министър Гроздан Караджов – на два въпроса от народния представител Атанас Славов; на въпрос от народния представител Ахмед Ахмедов; на три въпроса от народния представител Деница Сачева; на два въпроса от народния представител Екатерина Захариева; на пет въпроса от народния представител Ивайло Мирчев; на въпрос от народния представител Красимир Събев; на въпрос от народния представител Младен Маринов; на два въпроса от народния представител Николай Нанков; на четири въпроса от народния представител Николина Ангелкова; на два въпроса от народния представител Петър Чобанов; на въпрос от народния представител Стоян Таслаков; на два въпроса от народния представител Явор Божанков.
На заседанието присъстваха: Красимир Ципов – заместник-министър на вътрешните работи, Младен Маринов – главен секретар на МВР, Росица Грудева – директор на дирекция „Правно-нормативна дейност”, Петър Тошков – главен юрисконсулт в отдел „Нормотворческа дейност и Право на ЕС”, и Йордан Пеев – директор на дирекция „Планиране и управление на бюджета“.
От тази трибуна се изговориха прекалено много неща за това кой носи отговорност в такива ситуации в миналото.
Вие ще предприемете ли действия и ще приложите ли същия стандарт към вътрешния министър Бойко Рашков, какъвто стандарт искахте да прилагате към нашите колеги – Младен Маринов примерно и господин Терзийски?
Или за Бойко Рашков стандартът е един, за тях – друг?!
Уволнен е Юсеин Бейтулов.
Висше образование, инженер по растениевъдство с 33 години стаж в областта.
На негово място е назначена Севда Ерменкова от Реформаторския блок.
На заседанието присъстваха: от Министерство на правосъдието – госпожа Цецка Цачева, министър на правосъдието, и господин Стоян Стоянов – главен секретар; от Министерство на финансите, дирекция „Държавни разходи” – господин Владимир Петров, директор, госпожа Ася Първанова, госпожа Стела Бояджиева и госпожа Маринела Давидова, главни експерти; от Висшия съдебен съвет (ВСС) – господин Боян Магдалинчев, представляващ Висшия съдебен съвет, господин Севдалин Мавров, член на Висшия съдебен съвет и член на комисията „Бюджет и финанси“ към ВСС, и госпожа Маргарита Радкова, финансов директор на дирекция „Финанси и бюджет”; от Инспектората към Висшия съдебен съвет – госпожа Теодора Точкова, главен инспектор, и госпожа Красимира Николова, директор на дирекция „Бюджет и финанси” и главен счетоводител.
На заседанието присъстваха: Владислав Горанов – министър на финансите, Кирил Ананиев – заместник-министър на финансите; Бисер Петков – министър на труда и социалната политика; Мирослав Ненков – заместник-министър на здравеопазването; от Сметната палата: Цветан Цветков – председател, Горица Грънчарова и Тошко Тодоров – заместник-председатели; от Висшия съдебен съвет: Боян Магдалинчев – представляващ ВСС, и Севдалин Мавров – член на ВСС; Димитър Костов – подуправител на БНБ; от Националния осигурителен институт: Ивайло Иванов – управител, Весела Караиванова – подуправител, Пенка Танева – актюер, и Снежана Малакова – директор на дирекция „Правна”; от Фискалния съвет: Борис Грозданов – председател, и Любомир Дацов, Дора Андреева, Юнал Тасим и Григорий Вазов – членове; представители на синдикатите, на работодателските организации и други.Няма да крия, че е приятно да се посети в София магазин на популярната в Литва търговска мрежа “ТМаркет”.
Знам, че литовци активно се интересуват от недвижими имоти в България, обаче има още много неизползвани възможности, които биха могли да се открият чрез делови мисии и чрез представяне на икономическите и инвестиционните възможности.
Големият проблем е как да се интегрира голяма част от малцинствените групи, които не получават добро образование, а ходят на училище.
Какво препоръчва агенцията за това?
Госпожа Маринчева има своята логика, че в свободното време това би могло да отклони по-голямата част от децата и особено спортуващите от някои вредни навици, а впоследствие и участие в престъпни групи, но какво трябва да се направи, за да стане това?! И това трябва ли да бъде държавна политика или само на общините?! Ако в голямата си част общини като София, Варна, Пловдив и другите големи градове могат да направят това, то какво става с малките общини?
Какво ще правим със селските общини в България, където почти 90 на сто от младите хора са безработни?
Каква е държавната политика в тази насока?
Какво препоръчва агенцията да се направи?
Ако е въпрос тя да се занимава с определени групи младежи и след това да ни дава констатации – да, разбира се.
Знам как представители, активисти на централи обикалят училища, в София специално, и какъв натиск се оказва върху учителите, които не стачкуват, има и такива учители, не малко, и много други неща и кои хора ходят по синдикалните централи и им предлагат да се разклатят нещата и да се отиде към повторение на едни сценарии, които сме виждали.
Вярно е, господин премиер, че учителите ще си намерят работа, особено в градовете, които бързо се развиват, като Бургас, Варна, София.
Аз питам обаче за учебната година! Ако си тръгнат 10% от учителите в София, какво става с учебната година в София?
Ако си тръгнат половината учители от Бургас, какво става с учебната година?
Вие трябва да мислите и за това.
И за това трябва да мислите.
Не може да мислите само от тази гледна точка, от която развивате аргументите си.
Господин Лъчезар Иванов, аз приветствам решението на господин Бойко Борисов за „Младост”, само че питам защо само „Младост”, и защо само няколко месеца?
Този мораториум трябва да бъде поне за 10 години.
Колко пъти съм ви давал за пример от тази трибуна – в Лондон има 100-годишен мораториум.
Там няма тези престъпления, които се вършат в момента срещу българските граждани.
В Лондон, казвал съм ви го тук, има 100-годишен мораториум.
Хората са решили своите проблеми.
Примерно при различно тълкуване на дефиницията за лекарствен продукт как България ще може да отстоява правата ни като страна членка по централизирана процедура, която се провежда в Лондон?
Там работният език е английският и се ползва английският текст.
Тоест, езиковата разлика, която се получава при нас, и странното звучене на български – да, но ние не можем да ползваме в международните си отношения нашата дефиниция!  Английският текст е „презентед ас”.
Ако термините, които ние искаме да бъдат приложени към тоя закон, защото на много места искаме документ за произход,  бъдат приложени към Бритиш музеум или към Пергамон музеум, ще настъпи всемирна катастрофа.
Какво да ни извадят от Бритиш музеум – фактура от Наполеон Бонапарт, че е пренесъл половината Египет в Лондон?!
Аз бих попитал някой интересува ли се кой е кметът на Солун или на Лондон.
Пита се защо тогава позволяваме друг да определя тези, които нас да управляват!
Искам да спра вашето внимание на следното.
След като бяха установени пропуски, грешки, проблеми, даже и случаи на корупция, правителството беше това, което взе и съответните мерки.
Да ви припомня, аз само до преди три месеца бях в Берлин.
Политическата воля на министър-председателя, подкрепена с решението на тройната коалиция, беше да има промяна, да има адекватна реакция на ситуацията, на проблемите, на грешките, на дефицитите и на пропуските, които бяха установени.
И искам да ви припомня, че аз имах среща с опозицията.
Имахме уговорка, уважаеми дами и господа от опозицията, да се срещаме много по-често в тези три месеца.
Вие ми обещахте да се виждаме поне един път в месеца, но единствено с госпожа Капон и господин Йордан Бакалов се виждахме и се спази уговорката.
Останалите за съжаление не спазиха уговорката, за което, признавам си, аз се чувствам огорчена и разочарована.
Да отбележи през 2009 г. двадесетата годишнина от падането на Берлинската стена и масовото клане на площад „Тиенанмън”.”
Аз си давам сметка, че такива конкурси бяха проведени, но не по Закона за обществените поръчки както в Берлин след падането на Берлинската стена, така и в Будапеща, в Загреб, в други европейски столици.
В момента тече подобен конкурс за гр. Мека в Саудитска Арабия.
Но, забележете, навсякъде са международни конкурси с участието на широк кръг архитекти както от световен мащаб, така и от страните, в които ще се изграждат подобни комплекси.
Завършвам като казвам, че в крайна сметка трябва да се изградят и обходите на градовете Монтана и Враца.
Финализирана е процедура за доставка на автомобили за нуждите на всички 28 лечебни заведения.
На заседание от 27 юни 2008 г.
Националният координационен комитет за борба със СПИН и туберкулоза одобри 17 общини, областни центрове, в които за първи път ще стартират дейностите по превенция на заболяването сред уязвими групи за периода 2008-2010 г.
Това е за подобряване на откриване на случаи на туберкулоза и успеха от лечението им сред ромската общност.
Ще работи в София, Пловдив, Монтана, Видин, Сливен, Враца, Бургас, Кюстендил, Хасково, Стара Загора, Добрич, Варна и Пазарджик.
Мога да илюстрирам, защото такава дискусия се водеше например в Монтана и там се стигна до общото разбиране, че е целесъобразно да се даде възможност за такова завишаване, тъй като то е особено необходимо на малките и средните общини – без такава маневреност те няма да могат да осигуряват необходимите средства за съфинансиране по европейските програми.
Уважаеми господин министър, на 4 юли 2008 г. около 12,00 ч.
на обяд на кръстовището – отклонението към кв. „Долни Богров” в посока Варна, при подаден червен сигнал на светофарната уредба – знаете, този случай беше и широко оповестен, аз преустанових движението на управлявания от мен автомобил.
Автомобилът, който се намира непосредствено зад мен, марка „Ауди”, модел „А8”, сребрист с държавен контролен номер С5255МВ, подавайки звуков сигнал „клаксон” и светлинен сигнал – къси светлини, се опита да ме принуди да премина на червен сигнал на светофара и да му освободя пътното платно за движение.
След като потеглихме при разрешителен сигнал на светофара същият автомобил започва да ме натиска, така да се каже, да увелича скоростта над позволената – там ограничението е 40 километра.
Поради невъзможност да мина в другата лента аз се движех с тази скорост.
След като не увеличих скоростта горепосоченият автомобил, движейки се зад мен, подаде светлинен сигнал – синя лампа, от тези, модерните сега, които са светкащите на предното стъкло.
След като обаче успях да се преустроя в дясната лента автомобилът бързо се шмугна и изравнявайки се с мен водачът, който държеше пистолет в дясната си ръка, с гримаса на лице опря пистолета в слепоочието си и каза някакви думи, които аз не мога да възприема.
След този инцидент веднага се обадих на телефон 166 и уведомих операторката.
Тя ми каза: ще предупредя колегите да спрат колата и да извършат проверка на водача.
Тъй като до Ботевград по магистрала „Тракия” нямаше автопатрул въпросният автомобил вероятно не е спрян за проверка.
В град Враца аз подадох по надлежния ред, съответно жалба с вх. № 21-997 от 4 юли 2008 г.
В него вече записахме първите пет свои номинации.
Това са нестинарството – българска магия с огнена жарава, традиционни обреди и празници в с.
Българи, община Царево, област Бургас; Калуша – стародавен обред, запазен за поколенията, обредно танцуване, с.
Хърлец, община Козлодуй, област Враца; Дянко Дянков – майстор на старинни оръжия, традиционни занаяти, град Априлци, област Ловешка; двугласно пеене в град Неделино – традиционно пеене и свирене в град Неделино, област Смолян и традиционна Василешка сватба – традиционни обреди и празници, традиционни танци, град Момин проход, община Костенец, област София.
Финализирана е процедура за доставка на автомобили за нуждите на всички 28 лечебни заведения.
На заседание от 27 юни 2008 г.
Националният координационен комитет за борба със СПИН и туберкулоза одобри 17 общини, областни центрове, в които за първи път ще стартират дейностите по превенция на заболяването сред уязвими групи за периода 2008-2010 г.
Това е за подобряване на откриване на случаи на туберкулоза и успеха от лечението им сред ромската общност.
Ще работи в София, Пловдив, Монтана, Видин, Сливен, Враца, Бургас, Кюстендил, Хасково, Стара Загора, Добрич, Варна и Пазарджик.
Това, което в момента се иска да бъде насочено и да бъде узаконено, е фактически приключено, защото всички знаем в родните си места кой кои територии държи.
Всички знаят около Пловдив кой държи Тъмръш.
Всички например знаят кой държи онази скандална част от Троянския балкан и как не се намери сила в Четиридесетото Народно събрание през това управление, въпреки медиите, въпреки бунтовете на място на цялото народонаселение, да спре това безумие?! Всъщност Национално движение Симеон Втори е разпределило териториите, разпределило е резерватите и сега не са прави нищо друго с този закон, освен да се канализира и да се узакони това.
Уважаеми господин председателю, уважаеми госпожи и господа народни представители! Уважаеми господин Чачев, видях на ревера Ви един стикер, на който пише, ако забелязах: „Аз съм европеец!”.
Искам аз да Ви попитам: европейско ли е поведението на вашата политическа сила, ...
(реплика от народния представител Иван Иванов) която дори на националния празник – Деня на Съединението, не е в състояние да надхвърли своите дребни политически страсти и интереси и да организира грозни, от 20-ина души, агитки, включващи бивши кметове на град Пловдив, да опорочавате националния празник.
Това определено, не само според мен, не е европейско поведение.
Затова би трябвало всички представители на вашата сила, която използва такива методи, в такива национални дни да свали стикера „Аз съм европеец!” от своите ревери.
Въпросът е: какво се направи тогава за защита на гражданите?
Това бедствие ли беше, авария ли беше?
Беше една мъчителна, продължителна тема.
Така и не се определи точно какво е, а това е важно, защото именно по тези закони тежестта на отговорностите се определя именно от това каква е възникналата ситуация и Вие се занимавахте много повече с това да класифицирате събитието, за да можете максимално да се дистанцирате от него, а не с това защитени ли са добре, направено ли е нещо да бъдат защитени живота и здравето на хората, тъй като хората се евакуираха сами, други, които бяха евакуирани по някакъв начин, с някакви автобуси близо до възникналото събитие – оставени на една поляна дори и без вода.
Но във всички ситуации: обгазяване на Пловдив, наводнения, пожари, пожари на сметища, там, където наистина се развива и висока температура и гори органика, и това е възможност за отделяне на доста токсични вещества, досега не сме наблюдавали реакция на „Гражданска защита” в посока предпазване на гражданите – живота и здравето им, най-вече под формата на лични предпазни средства.
До момента не сме били свидетели на такива действия, а това са неща, които са изключително важни.
В Челопечене се отделяха оксиди.
Не се знаеше нито концентрацията, нито колко ще продължи това, нито ще гръмнат ли тези 21 тона тротил или няма да гръмнат, там ли са или не.
Дадоха се някакви съвети за мокри кърпи, но тогава, когато се насища атмосферата с оксиди, един такъв съвет може да бъде и вреден, и опасен.
Има лични предпазни средства, които трябва да бъдат използвани особено в ситуация, в която не сме наясно какво точно ще се случи и какви ще бъдат размерите на бедствието, аварията или каквото и да е то.
Аз обръщам специално внимание на подпомагането на картофопроизводителите, защото в тази област имаше сериозни сигнали за пропуски, които категорично трябва да бъдат отстранени.
Няма да говорим за размера на помощта, която е оскъдна, но има много сигнали, че често се закъснява с подпомагането особено в райони, в които се сади рано.
Това са Пловдив, Пазарджик, Бургас.
Там се сади в края на м. февруари, а помощта идва много по-късно.
Документацията е усложнена, критериите са специфични за различните райони и няма единни критерии, което позволява различни практики в отделни райони.
Най-често принципът е: който знае, който първи подаде или пък на всички по равно, както е в Софийска област.
Недостатъчно адекватно е подпомагането, например не се подпомага изграждането на картофохранилища, не се подпомага борбата със значими болести каквато е нематодата.
Знае се, че една голяма територия от картофените полета е заразена с нематода.
Уважаеми господин председател, уважаеми колеги, уважаеми господин Малинов! Дружеството &quot;Трансатлантик Фрейтърс Инкорпорейтед&quot; е извършило проучване на строителни материали и подземни богатства по чл. 2, т. 5 от Закона за подземните богатства в площ &quot;Инджейско блато&quot;, област Бургас, съгласно Разрешение № 269 от 14 ноември 2003 г., одобрено от Министерския съвет с протоколно Решение № 41 от 23 октомври 2003 г.
и сключен договор за проучване с министъра на околната среда и водите.
Уважаеми господин министър, на 4 юли 2008 г. около 12,00 ч. на обяд на кръстовището – отклонението към кв. „Долни Богров” в посока Варна, при подаден червен сигнал на светофарната уредба – знаете, този случай беше и широко оповестен, аз преустанових движението на управлявания от мен автомобил.
Автомобилът, който се намира непосредствено зад мен, марка „Ауди”, модел „А8”, сребрист с държавен контролен номер С5255МВ, подавайки звуков сигнал „клаксон” и светлинен сигнал – къси светлини, се опита да ме принуди да премина на червен сигнал на светофара и да му освободя пътното платно за движение.
След като потеглихме при разрешителен сигнал на светофара същият автомобил започва да ме натиска, така да се каже, да увелича скоростта над позволената – там ограничението е 40 километра.
Поради невъзможност да мина в другата лента аз се движех с тази скорост.
След като не увеличих скоростта горепосоченият автомобил, движейки се зад мен, подаде светлинен сигнал – синя лампа, от тези, модерните сега, които са светкащите на предното стъкло.
След като обаче успях да се преустроя в дясната лента автомобилът бързо се шмугна и изравнявайки се с мен водачът, който държеше пистолет в дясната си ръка, с гримаса на лице опря пистолета в слепоочието си и каза някакви думи, които аз не мога да възприема.
След този инцидент веднага се обадих на телефон 166 и уведомих операторката.
Тя ми каза: ще предупредя колегите да спрат колата и да извършат проверка на водача.
Тъй като до Ботевград по магистрала „Тракия” нямаше автопатрул въпросният автомобил вероятно не е спрян за проверка.
В град Враца аз подадох по надлежния ред, съответно жалба с вх. № 21-997 от 4 юли 2008 г.
Резиденция „Евксиноград” се намира на 8 км североизточно от гр. Варна.
Разположена е върху крайморска ивица с дължина около 3 км и средна ширина 180-220 м.
Тя започва да се изгражда като лятна резиденция на Княз Александър Батенберг преди повече от 120 години, когато Съветът на старейшините – Гръцката митрополия, решава да му подари съществуващия тогава на това място манастир, а той закупува граничните земи.
Сега идват по-интересните моменти, които донякъде са комични и напомнят за шпионските филми с бради, мустаци, фалшиви очила и вестниците с дупка.
В закона е записано и предизвиква наистина смях, че служителите на Държавната агенция за разузнаването се лекуват в болница „Лозенец”.
Това обезсмисля всякакви опити от близкото минало за „оня списък” и за разнасяне на списъци.
Достатъчно е един турски шпионин да застане с фотоапарат, с телефонче на входа на Правителствена болница, за да заснеме целия персонал, който отива на профилактичен преглед.
Аз ще си позволя да прочета Обръщението-подписка, което е озаглавено „Да защитим правото, истината, свободата”, което е подписано от 1067 жители на Ямбол, Стралджа, Лозенец, Зимница, Маленово, Богоево, Палаузово и Недялско.
В миналото това нещо се подценяваше поради някакви съображения от съобразителност, тоест след позиция за сигурност и т. н.
Затова той беше оставен в това състояние.
Недопустимо е 20 години наистина да чакат десетки хиляди хора, които идват в София, да чакат, за да влязат, по час, час и половина, два часа, за да минат едно разстояние от 10 км, дето се казва, чакайки едно продължително време.
Все пак успокояващото е, че на този въпрос Вие дадохте един публичен отговор.
Това е добре най-вече за Пернишката общественост и за всички, които пътуват от този регион и както добре личи, има някакви оптимистични надежди.
Бих апелирал – положете усилия, така както се полагат усилия за магистрала „Тракия”, защото този път е не по-малко важен, бих казал, за една значителна част от София така, както и магистрала „Люлин” ще бъде важна.
Що се отнася до участъка, посочен в т. 3, следва да Ви информирам, че същият не е влизал в програми за финансиране със средства на Европейския съюз, но е сериозно натоварена отсечка от първокласния път, разположена на границата между областите София и Перник.
За участъка има изработен технически проект за едностранно уширение на съществуващия път в дясното по растящия километраж направление и е предвиден пътен възел „Драгичево” на мястото на отклонението за с. Рударци.
Засягат се земеделски земи и територии в регулацията на с. Драгичево.
През м. януари т. г. до Управителният съвет на фонда е постъпила докладна записка от областния управител на област Перник с искане за бърза реализация на пътния възел „Драгичево”.
В Министерството на регионалното развитие и благоустройството и в Министерството на финансите е внесено становище-проект на отговор до областния управител, в което фондът обосновава необходимостта от отпадане на реализацията на пътния възел.
Аргументите са, че след въвеждане в експлоатация на пътен възел „Даскалово” на автомагистрала „Люлин”, намиращ се на около 2 км от кръстовището за с.
Рударци, проблемите в зоната на същото ще бъдат решени.
В този случай отпада необходимостта от изграждането на пътен възел „Даскалово”.
На вчерашното заседание, което Комисията е провела, не се е стигнало до гласуване на откритите за обсъждане въпроси.
Затова ние смятаме, че нови инициативи или това, че до момента няма произнасяне по всички предложения, не е основание повече да отлагаме този въпрос.
В момента това става дори във водосборни зони в Родопите, в Стара планина, в Странджа.
Не можем да скрием и факта, че всъщност Стара планина разделя България не само на Северна и Южна България, а на богатия Юг и бедния Север, и за съжаление, и на още по-бедния Северозапад.
Вие като правителство най-накрая сте длъжни да погледнете бащински към този регион и да започнете по-сериозно да инвестирате и да правите така, че хората там да живеят авторитетно и достойно.
Уважаеми господин Сергей Станишев, Вие присъствате и по този повод искам да се обърна към Вас.
Това, което се е случило в местността „Бодрост” над Благоевград, това унижение, на което Вие самият сте бил подложен – да участвате и да висите на един незаконно построен лифт в сърцето на планина Рила, даваше у нас основание да се надяваме, че ще вземете мерки по отношение на случващото се там, ще изразите становище и ще накажете като висш държавен орган тези, които са направили посегателство над свободното слово в Република България.
Ако въпросът беше допуснат миналата година, може би щяхме да намалим тези жестоки пожари, на които бяхме свидетели - последният в Рила, премиерът го е видял.
Че Прага е един от градовете, преживял управлението както на нацистите, така и на комунистите,
Уважаеми господин Министър, в мандата на министър Йовчев бяха изтеглени представители на МВР в Белград, Скопие, Москва, Атина и Прага.
Широко известно е, че един от основните проблеми в борбата с контрабандата на акцизни стоки – визирам: алкохол, цигари, горива и други, идва от южната ни граница.
Също така широко известно е, че черният пазар на акцизни стоки по време управлението на предходното правителство достигна върхови измерения.
Държа да отбележа, че ние сме единствената страна от Европейския съюз, която има договорни отношения с руското Вътрешно министерство и ФСБ за предоставяне на целия ни необходим обмен на информация за контрол върху движението на стоки с възможна двойна употреба, произхода на парични средства и движението на хора, стоки и услуги, които биха представлявали проблем за правоохранителната и правораздавателната система на България и Европейския съюз.
Министър-председателят ходи на срещи в Москва, във Вашингтон, а не идва пред българския парламент да каже каква е неговата позиция и позицията на правителството.
Не може парламентът да абдикира от такъв важен въпрос!
В мотивите към проекта за решение е представена професионалната биография на госпожа Юлия Огнянова.
Завършила е театроведство в Москва.
Автор е на повече от сто постановки у нас и в чужбина.
Работи в Италия, Франция, Русия и др.
Носител е на много международни награди за създадени от нея постановки и спектакли.
По-известни от тях са „Майка Кураж” от Бертолд Брехт, „Първа конна” и „Вишневски” от Иван Пейчев.
